"Filter","M","EbN0","BER","QAM_label"
"Ideal AWGN",16,0,0.139160013571012,"16-QAM"
"Ideal AWGN",16,1,0.118345838849974,"16-QAM"
"Ideal AWGN",16,2,0.0975593523767089,"16-QAM"
"Ideal AWGN",16,3,0.0774154342655597,"16-QAM"
"Ideal AWGN",16,4,0.0586184574192509,"16-QAM"
"Ideal AWGN",16,5,0.0418923031812635,"16-QAM"
"Ideal AWGN",16,6,0.0278713063196607,"16-QAM"
"Ideal AWGN",16,7,0.0169667338966386,"16-QAM"
"Ideal AWGN",16,8,0.00924721373751743,"16-QAM"
"Ideal AWGN",16,9,0.00439033608734222,"16-QAM"
"Ideal AWGN",16,10,0.00175415061789272,"16-QAM"
"Ideal AWGN",16,11,0.000564706106481743,"16-QAM"
"Ideal AWGN",16,12,0.000138658688812619,"16-QAM"
"Ideal AWGN",16,13,2.42337854663158e-05,"16-QAM"
"Ideal AWGN",16,14,2.76320800168777e-06,"16-QAM"
"Ideal AWGN",16,15,1.84185551109449e-07,"16-QAM"
"Ideal AWGN",16,16,6.25020082774196e-09,"16-QAM"
"Ideal AWGN",16,17,1e-10,"16-QAM"
"Ideal AWGN",16,18,1e-10,"16-QAM"
"Ideal AWGN",16,19,1e-10,"16-QAM"
"Ideal AWGN",16,20,1e-10,"16-QAM"
"Ideal AWGN",16,21,1e-10,"16-QAM"
"Ideal AWGN",16,22,1e-10,"16-QAM"
"Ideal AWGN",16,23,1e-10,"16-QAM"
"Ideal AWGN",16,24,1e-10,"16-QAM"
"Ideal AWGN",16,25,1e-10,"16-QAM"
"Ideal AWGN",16,26,1e-10,"16-QAM"
"Ideal AWGN",16,27,1e-10,"16-QAM"
"Ideal AWGN",16,28,1e-10,"16-QAM"
"Ideal AWGN",16,29,1e-10,"16-QAM"
"Ideal AWGN",16,30,1e-10,"16-QAM"
"NGF",16,0,0.2325634765625,"16-QAM"
"NGF",16,1,0.23240234375,"16-QAM"
"NGF",16,2,0.232412109375,"16-QAM"
"NGF",16,3,0.232646484375,"16-QAM"
"NGF",16,4,0.23224609375,"16-QAM"
"NGF",16,5,0.23275390625,"16-QAM"
"NGF",16,6,0.232265625,"16-QAM"
"NGF",16,7,0.2324755859375,"16-QAM"
"NGF",16,8,0.2325048828125,"16-QAM"
"NGF",16,9,0.2321923828125,"16-QAM"
"NGF",16,10,0.2325927734375,"16-QAM"
"NGF",16,11,0.2324267578125,"16-QAM"
"NGF",16,12,0.23267578125,"16-QAM"
"NGF",16,13,0.2324658203125,"16-QAM"
"NGF",16,14,0.232431640625,"16-QAM"
"NGF",16,15,0.232236328125,"16-QAM"
"NGF",16,16,0.232431640625,"16-QAM"
"NGF",16,17,0.232490234375,"16-QAM"
"NGF",16,18,0.2323583984375,"16-QAM"
"NGF",16,19,0.232529296875,"16-QAM"
"NGF",16,20,0.2322802734375,"16-QAM"
"NGF",16,21,0.232080078125,"16-QAM"
"NGF",16,22,0.232275390625,"16-QAM"
"NGF",16,23,0.232548828125,"16-QAM"
"NGF",16,24,0.232802734375,"16-QAM"
"NGF",16,25,0.23267578125,"16-QAM"
"NGF",16,26,0.232216796875,"16-QAM"
"NGF",16,27,0.2319482421875,"16-QAM"
"NGF",16,28,0.2320361328125,"16-QAM"
"NGF",16,29,0.232373046875,"16-QAM"
"NGF",16,30,0.232578125,"16-QAM"
"RRC",16,0,0.221923828125,"16-QAM"
"RRC",16,1,0.2216455078125,"16-QAM"
"RRC",16,2,0.22125,"16-QAM"
"RRC",16,3,0.2219677734375,"16-QAM"
"RRC",16,4,0.22083984375,"16-QAM"
"RRC",16,5,0.2215185546875,"16-QAM"
"RRC",16,6,0.2208154296875,"16-QAM"
"RRC",16,7,0.221220703125,"16-QAM"
"RRC",16,8,0.221337890625,"16-QAM"
"RRC",16,9,0.22130859375,"16-QAM"
"RRC",16,10,0.2217578125,"16-QAM"
"RRC",16,11,0.221416015625,"16-QAM"
"RRC",16,12,0.2210546875,"16-QAM"
"RRC",16,13,0.2209521484375,"16-QAM"
"RRC",16,14,0.221767578125,"16-QAM"
"RRC",16,15,0.2210400390625,"16-QAM"
"RRC",16,16,0.2213134765625,"16-QAM"
"RRC",16,17,0.2214599609375,"16-QAM"
"RRC",16,18,0.2215625,"16-QAM"
"RRC",16,19,0.221552734375,"16-QAM"
"RRC",16,20,0.2219287109375,"16-QAM"
"RRC",16,21,0.2214306640625,"16-QAM"
"RRC",16,22,0.221845703125,"16-QAM"
"RRC",16,23,0.22171875,"16-QAM"
"RRC",16,24,0.2216259765625,"16-QAM"
"RRC",16,25,0.22169921875,"16-QAM"
"RRC",16,26,0.22138671875,"16-QAM"
"RRC",16,27,0.2215478515625,"16-QAM"
"RRC",16,28,0.221298828125,"16-QAM"
"RRC",16,29,0.221689453125,"16-QAM"
"RRC",16,30,0.221123046875,"16-QAM"
"TASM",16,0,0.2325927734375,"16-QAM"
"TASM",16,1,0.23236328125,"16-QAM"
"TASM",16,2,0.2324267578125,"16-QAM"
"TASM",16,3,0.2327099609375,"16-QAM"
"TASM",16,4,0.232294921875,"16-QAM"
"TASM",16,5,0.2327685546875,"16-QAM"
"TASM",16,6,0.2322802734375,"16-QAM"
"TASM",16,7,0.2325439453125,"16-QAM"
"TASM",16,8,0.23251953125,"16-QAM"
"TASM",16,9,0.23216796875,"16-QAM"
"TASM",16,10,0.2326025390625,"16-QAM"
"TASM",16,11,0.23251953125,"16-QAM"
"TASM",16,12,0.2326904296875,"16-QAM"
"TASM",16,13,0.2325146484375,"16-QAM"
"TASM",16,14,0.2324267578125,"16-QAM"
"TASM",16,15,0.232275390625,"16-QAM"
"TASM",16,16,0.2324267578125,"16-QAM"
"TASM",16,17,0.2325146484375,"16-QAM"
"TASM",16,18,0.2323388671875,"16-QAM"
"TASM",16,19,0.2325244140625,"16-QAM"
"TASM",16,20,0.2322998046875,"16-QAM"
"TASM",16,21,0.2320947265625,"16-QAM"
"TASM",16,22,0.232265625,"16-QAM"
"TASM",16,23,0.232529296875,"16-QAM"
"TASM",16,24,0.232783203125,"16-QAM"
"TASM",16,25,0.232646484375,"16-QAM"
"TASM",16,26,0.232216796875,"16-QAM"
"TASM",16,27,0.2319482421875,"16-QAM"
"TASM",16,28,0.2321142578125,"16-QAM"
"TASM",16,29,0.2323388671875,"16-QAM"
"TASM",16,30,0.2325390625,"16-QAM"
"Sinc2",16,0,0.23255859375,"16-QAM"
"Sinc2",16,1,0.232314453125,"16-QAM"
"Sinc2",16,2,0.2323388671875,"16-QAM"
"Sinc2",16,3,0.2327001953125,"16-QAM"
"Sinc2",16,4,0.2322314453125,"16-QAM"
"Sinc2",16,5,0.23275390625,"16-QAM"
"Sinc2",16,6,0.2322509765625,"16-QAM"
"Sinc2",16,7,0.232431640625,"16-QAM"
"Sinc2",16,8,0.232470703125,"16-QAM"
"Sinc2",16,9,0.2321337890625,"16-QAM"
"Sinc2",16,10,0.232587890625,"16-QAM"
"Sinc2",16,11,0.2324755859375,"16-QAM"
"Sinc2",16,12,0.23263671875,"16-QAM"
"Sinc2",16,13,0.2324853515625,"16-QAM"
"Sinc2",16,14,0.232421875,"16-QAM"
"Sinc2",16,15,0.232265625,"16-QAM"
"Sinc2",16,16,0.232373046875,"16-QAM"
"Sinc2",16,17,0.2325244140625,"16-QAM"
"Sinc2",16,18,0.2322900390625,"16-QAM"
"Sinc2",16,19,0.232529296875,"16-QAM"
"Sinc2",16,20,0.2322412109375,"16-QAM"
"Sinc2",16,21,0.2319873046875,"16-QAM"
"Sinc2",16,22,0.2322509765625,"16-QAM"
"Sinc2",16,23,0.23248046875,"16-QAM"
"Sinc2",16,24,0.2327587890625,"16-QAM"
"Sinc2",16,25,0.232587890625,"16-QAM"
"Sinc2",16,26,0.2322021484375,"16-QAM"
"Sinc2",16,27,0.2318896484375,"16-QAM"
"Sinc2",16,28,0.2320263671875,"16-QAM"
"Sinc2",16,29,0.2323681640625,"16-QAM"
"Sinc2",16,30,0.2324853515625,"16-QAM"
"Ideal AWGN",64,0,0.172952528588416,"64-QAM"
"Ideal AWGN",64,1,0.160030733007205,"64-QAM"
"Ideal AWGN",64,2,0.14612374061521,"64-QAM"
"Ideal AWGN",64,3,0.13131683131205,"64-QAM"
"Ideal AWGN",64,4,0.115764064135706,"64-QAM"
"Ideal AWGN",64,5,0.0997041650641595,"64-QAM"
"Ideal AWGN",64,6,0.0834726667298508,"64-QAM"
"Ideal AWGN",64,7,0.067504575068518,"64-QAM"
"Ideal AWGN",64,8,0.0523197982772159,"64-QAM"
"Ideal AWGN",64,9,0.0384829892255838,"64-QAM"
"Ideal AWGN",64,10,0.026532609826146,"64-QAM"
"Ideal AWGN",64,11,0.0168835290399689,"64-QAM"
"Ideal AWGN",64,12,0.0097239850399706,"64-QAM"
"Ideal AWGN",64,13,0.00494598719497789,"64-QAM"
"Ideal AWGN",64,14,0.00215400375717989,"64-QAM"
"Ideal AWGN",64,15,0.000772472180420454,"64-QAM"
"Ideal AWGN",64,16,0.00021717395915942,"64-QAM"
"Ideal AWGN",64,17,4.49888734403962e-05,"64-QAM"
"Ideal AWGN",64,18,6.35114807198655e-06,"64-QAM"
"Ideal AWGN",64,19,5.53735377401514e-07,"64-QAM"
"Ideal AWGN",64,20,2.63389253177304e-08,"64-QAM"
"Ideal AWGN",64,21,5.84649530753604e-10,"64-QAM"
"Ideal AWGN",64,22,1e-10,"64-QAM"
"Ideal AWGN",64,23,1e-10,"64-QAM"
"Ideal AWGN",64,24,1e-10,"64-QAM"
"Ideal AWGN",64,25,1e-10,"64-QAM"
"Ideal AWGN",64,26,1e-10,"64-QAM"
"Ideal AWGN",64,27,1e-10,"64-QAM"
"Ideal AWGN",64,28,1e-10,"64-QAM"
"Ideal AWGN",64,29,1e-10,"64-QAM"
"Ideal AWGN",64,30,1e-10,"64-QAM"
"NGF",64,0,0.163860677083333,"64-QAM"
"NGF",64,1,0.164007161458333,"64-QAM"
"NGF",64,2,0.163922526041667,"64-QAM"
"NGF",64,3,0.1638671875,"64-QAM"
"NGF",64,4,0.164029947916667,"64-QAM"
"NGF",64,5,0.163977864583333,"64-QAM"
"NGF",64,6,0.163850911458333,"64-QAM"
"NGF",64,7,0.163990885416667,"64-QAM"
"NGF",64,8,0.164140625,"64-QAM"
"NGF",64,9,0.163870442708333,"64-QAM"
"NGF",64,10,0.163811848958333,"64-QAM"
"NGF",64,11,0.163938802083333,"64-QAM"
"NGF",64,12,0.163785807291667,"64-QAM"
"NGF",64,13,0.164036458333333,"64-QAM"
"NGF",64,14,0.163909505208333,"64-QAM"
"NGF",64,15,0.163831380208333,"64-QAM"
"NGF",64,16,0.163990885416667,"64-QAM"
"NGF",64,17,0.163802083333333,"64-QAM"
"NGF",64,18,0.163850911458333,"64-QAM"
"NGF",64,19,0.163948567708333,"64-QAM"
"NGF",64,20,0.163935546875,"64-QAM"
"NGF",64,21,0.16400390625,"64-QAM"
"NGF",64,22,0.163958333333333,"64-QAM"
"NGF",64,23,0.164013671875,"64-QAM"
"NGF",64,24,0.164124348958333,"64-QAM"
"NGF",64,25,0.163948567708333,"64-QAM"
"NGF",64,26,0.16388671875,"64-QAM"
"NGF",64,27,0.16388671875,"64-QAM"
"NGF",64,28,0.163889973958333,"64-QAM"
"NGF",64,29,0.163873697916667,"64-QAM"
"NGF",64,30,0.163958333333333,"64-QAM"
"RRC",64,0,0.161875,"64-QAM"
"RRC",64,1,0.161839192708333,"64-QAM"
"RRC",64,2,0.161676432291667,"64-QAM"
"RRC",64,3,0.161744791666667,"64-QAM"
"RRC",64,4,0.16208984375,"64-QAM"
"RRC",64,5,0.161858723958333,"64-QAM"
"RRC",64,6,0.161800130208333,"64-QAM"
"RRC",64,7,0.161907552083333,"64-QAM"
"RRC",64,8,0.16185546875,"64-QAM"
"RRC",64,9,0.162044270833333,"64-QAM"
"RRC",64,10,0.161985677083333,"64-QAM"
"RRC",64,11,0.162054036458333,"64-QAM"
"RRC",64,12,0.162047526041667,"64-QAM"
"RRC",64,13,0.162145182291667,"64-QAM"
"RRC",64,14,0.162047526041667,"64-QAM"
"RRC",64,15,0.162047526041667,"64-QAM"
"RRC",64,16,0.161800130208333,"64-QAM"
"RRC",64,17,0.161897786458333,"64-QAM"
"RRC",64,18,0.161982421875,"64-QAM"
"RRC",64,19,0.161959635416667,"64-QAM"
"RRC",64,20,0.161930338541667,"64-QAM"
"RRC",64,21,0.161559244791667,"64-QAM"
"RRC",64,22,0.161875,"64-QAM"
"RRC",64,23,0.16203125,"64-QAM"
"RRC",64,24,0.161901041666667,"64-QAM"
"RRC",64,25,0.1619140625,"64-QAM"
"RRC",64,26,0.161979166666667,"64-QAM"
"RRC",64,27,0.162135416666667,"64-QAM"
"RRC",64,28,0.161774088541667,"64-QAM"
"RRC",64,29,0.16185546875,"64-QAM"
"RRC",64,30,0.161907552083333,"64-QAM"
"TASM",64,0,0.163863932291667,"64-QAM"
"TASM",64,1,0.164010416666667,"64-QAM"
"TASM",64,2,0.163942057291667,"64-QAM"
"TASM",64,3,0.163860677083333,"64-QAM"
"TASM",64,4,0.164029947916667,"64-QAM"
"TASM",64,5,0.163997395833333,"64-QAM"
"TASM",64,6,0.163841145833333,"64-QAM"
"TASM",64,7,0.163990885416667,"64-QAM"
"TASM",64,8,0.164140625,"64-QAM"
"TASM",64,9,0.163876953125,"64-QAM"
"TASM",64,10,0.163815104166667,"64-QAM"
"TASM",64,11,0.1639453125,"64-QAM"
"TASM",64,12,0.163782552083333,"64-QAM"
"TASM",64,13,0.164052734375,"64-QAM"
"TASM",64,14,0.163909505208333,"64-QAM"
"TASM",64,15,0.163815104166667,"64-QAM"
"TASM",64,16,0.163990885416667,"64-QAM"
"TASM",64,17,0.163811848958333,"64-QAM"
"TASM",64,18,0.163850911458333,"64-QAM"
"TASM",64,19,0.163951822916667,"64-QAM"
"TASM",64,20,0.16392578125,"64-QAM"
"TASM",64,21,0.164016927083333,"64-QAM"
"TASM",64,22,0.163968098958333,"64-QAM"
"TASM",64,23,0.164020182291667,"64-QAM"
"TASM",64,24,0.164108072916667,"64-QAM"
"TASM",64,25,0.163955078125,"64-QAM"
"TASM",64,26,0.163909505208333,"64-QAM"
"TASM",64,27,0.163893229166667,"64-QAM"
"TASM",64,28,0.163883463541667,"64-QAM"
"TASM",64,29,0.163876953125,"64-QAM"
"TASM",64,30,0.163955078125,"64-QAM"
"Sinc2",64,0,0.163870442708333,"64-QAM"
"Sinc2",64,1,0.164013671875,"64-QAM"
"Sinc2",64,2,0.163938802083333,"64-QAM"
"Sinc2",64,3,0.163844401041667,"64-QAM"
"Sinc2",64,4,0.164016927083333,"64-QAM"
"Sinc2",64,5,0.164007161458333,"64-QAM"
"Sinc2",64,6,0.163837890625,"64-QAM"
"Sinc2",64,7,0.163981119791667,"64-QAM"
"Sinc2",64,8,0.164140625,"64-QAM"
"Sinc2",64,9,0.163880208333333,"64-QAM"
"Sinc2",64,10,0.16380859375,"64-QAM"
"Sinc2",64,11,0.163938802083333,"64-QAM"
"Sinc2",64,12,0.1637890625,"64-QAM"
"Sinc2",64,13,0.1640625,"64-QAM"
"Sinc2",64,14,0.163909505208333,"64-QAM"
"Sinc2",64,15,0.163798828125,"64-QAM"
"Sinc2",64,16,0.163997395833333,"64-QAM"
"Sinc2",64,17,0.163815104166667,"64-QAM"
"Sinc2",64,18,0.163863932291667,"64-QAM"
"Sinc2",64,19,0.163938802083333,"64-QAM"
"Sinc2",64,20,0.163922526041667,"64-QAM"
"Sinc2",64,21,0.164016927083333,"64-QAM"
"Sinc2",64,22,0.163955078125,"64-QAM"
"Sinc2",64,23,0.164016927083333,"64-QAM"
"Sinc2",64,24,0.164114583333333,"64-QAM"
"Sinc2",64,25,0.163961588541667,"64-QAM"
"Sinc2",64,26,0.163896484375,"64-QAM"
"Sinc2",64,27,0.16390625,"64-QAM"
"Sinc2",64,28,0.163873697916667,"64-QAM"
"Sinc2",64,29,0.163850911458333,"64-QAM"
"Sinc2",64,30,0.163951822916667,"64-QAM"
"Ideal AWGN",256,0,0.177892094186343,"256-QAM"
"Ideal AWGN",256,1,0.171253402031973,"256-QAM"
"Ideal AWGN",256,2,0.163906226960038,"256-QAM"
"Ideal AWGN",256,3,0.155803802158266,"256-QAM"
"Ideal AWGN",256,4,0.146908368852064,"256-QAM"
"Ideal AWGN",256,5,0.137197139936598,"256-QAM"
"Ideal AWGN",256,6,0.126670156594114,"256-QAM"
"Ideal AWGN",256,7,0.11536020539142,"256-QAM"
"Ideal AWGN",256,8,0.103344655201947,"256-QAM"
"Ideal AWGN",256,9,0.0907584805729068,"256-QAM"
"Ideal AWGN",256,10,0.0778067500975165,"256-QAM"
"Ideal AWGN",256,11,0.0647734190605914,"256-QAM"
"Ideal AWGN",256,12,0.0520215075427985,"256-QAM"
"Ideal AWGN",256,13,0.0399782128059765,"256-QAM"
"Ideal AWGN",256,14,0.02909841521927,"256-QAM"
"Ideal AWGN",256,15,0.019803337550499,"256-QAM"
"Ideal AWGN",256,16,0.0123998040483201,"256-QAM"
"Ideal AWGN",256,17,0.00699956879764449,"256-QAM"
"Ideal AWGN",256,18,0.00347209590810855,"256-QAM"
"Ideal AWGN",256,19,0.00146544773418205,"256-QAM"
"Ideal AWGN",256,20,0.00050530694616429,"256-QAM"
"Ideal AWGN",256,21,0.000135237446800725,"256-QAM"
"Ideal AWGN",256,22,2.63360994435668e-05,"256-QAM"
"Ideal AWGN",256,23,3.44013387286126e-06,"256-QAM"
"Ideal AWGN",256,24,2.72040074438496e-07,"256-QAM"
"Ideal AWGN",256,25,1.14449720854378e-08,"256-QAM"
"Ideal AWGN",256,26,2.17691671670175e-10,"256-QAM"
"Ideal AWGN",256,27,1e-10,"256-QAM"
"Ideal AWGN",256,28,1e-10,"256-QAM"
"Ideal AWGN",256,29,1e-10,"256-QAM"
"Ideal AWGN",256,30,1e-10,"256-QAM"
"NGF",256,0,0.124482421875,"256-QAM"
"NGF",256,1,0.1244873046875,"256-QAM"
"NGF",256,2,0.12451416015625,"256-QAM"
"NGF",256,3,0.12452392578125,"256-QAM"
"NGF",256,4,0.12445556640625,"256-QAM"
"NGF",256,5,0.12451171875,"256-QAM"
"NGF",256,6,0.12450439453125,"256-QAM"
"NGF",256,7,0.1245068359375,"256-QAM"
"NGF",256,8,0.1244921875,"256-QAM"
"NGF",256,9,0.1244775390625,"256-QAM"
"NGF",256,10,0.124482421875,"256-QAM"
"NGF",256,11,0.1245263671875,"256-QAM"
"NGF",256,12,0.12451904296875,"256-QAM"
"NGF",256,13,0.12455078125,"256-QAM"
"NGF",256,14,0.12448974609375,"256-QAM"
"NGF",256,15,0.1244384765625,"256-QAM"
"NGF",256,16,0.12455322265625,"256-QAM"
"NGF",256,17,0.124462890625,"256-QAM"
"NGF",256,18,0.12451904296875,"256-QAM"
"NGF",256,19,0.12447998046875,"256-QAM"
"NGF",256,20,0.12451904296875,"256-QAM"
"NGF",256,21,0.12447998046875,"256-QAM"
"NGF",256,22,0.124404296875,"256-QAM"
"NGF",256,23,0.12450927734375,"256-QAM"
"NGF",256,24,0.12451416015625,"256-QAM"
"NGF",256,25,0.12449951171875,"256-QAM"
"NGF",256,26,0.12449462890625,"256-QAM"
"NGF",256,27,0.1244921875,"256-QAM"
"NGF",256,28,0.12450439453125,"256-QAM"
"NGF",256,29,0.1244970703125,"256-QAM"
"NGF",256,30,0.12443115234375,"256-QAM"
"RRC",256,0,0.12411865234375,"256-QAM"
"RRC",256,1,0.12416259765625,"256-QAM"
"RRC",256,2,0.1240869140625,"256-QAM"
"RRC",256,3,0.1240576171875,"256-QAM"
"RRC",256,4,0.1240673828125,"256-QAM"
"RRC",256,5,0.124072265625,"256-QAM"
"RRC",256,6,0.124091796875,"256-QAM"
"RRC",256,7,0.12414306640625,"256-QAM"
"RRC",256,8,0.1240771484375,"256-QAM"
"RRC",256,9,0.1241357421875,"256-QAM"
"RRC",256,10,0.12411865234375,"256-QAM"
"RRC",256,11,0.1241162109375,"256-QAM"
"RRC",256,12,0.12407470703125,"256-QAM"
"RRC",256,13,0.12404052734375,"256-QAM"
"RRC",256,14,0.1241259765625,"256-QAM"
"RRC",256,15,0.12399169921875,"256-QAM"
"RRC",256,16,0.124189453125,"256-QAM"
"RRC",256,17,0.124130859375,"256-QAM"
"RRC",256,18,0.12409912109375,"256-QAM"
"RRC",256,19,0.1241064453125,"256-QAM"
"RRC",256,20,0.12414306640625,"256-QAM"
"RRC",256,21,0.12404541015625,"256-QAM"
"RRC",256,22,0.12407958984375,"256-QAM"
"RRC",256,23,0.12406005859375,"256-QAM"
"RRC",256,24,0.12403564453125,"256-QAM"
"RRC",256,25,0.1241259765625,"256-QAM"
"RRC",256,26,0.12413330078125,"256-QAM"
"RRC",256,27,0.12406494140625,"256-QAM"
"RRC",256,28,0.12409912109375,"256-QAM"
"RRC",256,29,0.12411865234375,"256-QAM"
"RRC",256,30,0.12407958984375,"256-QAM"
"TASM",256,0,0.124482421875,"256-QAM"
"TASM",256,1,0.1244873046875,"256-QAM"
"TASM",256,2,0.12450927734375,"256-QAM"
"TASM",256,3,0.12452392578125,"256-QAM"
"TASM",256,4,0.12445556640625,"256-QAM"
"TASM",256,5,0.12450927734375,"256-QAM"
"TASM",256,6,0.124501953125,"256-QAM"
"TASM",256,7,0.1245068359375,"256-QAM"
"TASM",256,8,0.12448974609375,"256-QAM"
"TASM",256,9,0.1244873046875,"256-QAM"
"TASM",256,10,0.12448486328125,"256-QAM"
"TASM",256,11,0.12452392578125,"256-QAM"
"TASM",256,12,0.124521484375,"256-QAM"
"TASM",256,13,0.1245458984375,"256-QAM"
"TASM",256,14,0.12447998046875,"256-QAM"
"TASM",256,15,0.12443603515625,"256-QAM"
"TASM",256,16,0.12455078125,"256-QAM"
"TASM",256,17,0.12447021484375,"256-QAM"
"TASM",256,18,0.12451904296875,"256-QAM"
"TASM",256,19,0.12448486328125,"256-QAM"
"TASM",256,20,0.12451416015625,"256-QAM"
"TASM",256,21,0.12447998046875,"256-QAM"
"TASM",256,22,0.12440673828125,"256-QAM"
"TASM",256,23,0.12451171875,"256-QAM"
"TASM",256,24,0.1245166015625,"256-QAM"
"TASM",256,25,0.12450439453125,"256-QAM"
"TASM",256,26,0.12449462890625,"256-QAM"
"TASM",256,27,0.1244970703125,"256-QAM"
"TASM",256,28,0.12451171875,"256-QAM"
"TASM",256,29,0.12449462890625,"256-QAM"
"TASM",256,30,0.1244384765625,"256-QAM"
"Sinc2",256,0,0.12448486328125,"256-QAM"
"Sinc2",256,1,0.1244873046875,"256-QAM"
"Sinc2",256,2,0.12451171875,"256-QAM"
"Sinc2",256,3,0.12452392578125,"256-QAM"
"Sinc2",256,4,0.12446044921875,"256-QAM"
"Sinc2",256,5,0.1245068359375,"256-QAM"
"Sinc2",256,6,0.12449951171875,"256-QAM"
"Sinc2",256,7,0.124501953125,"256-QAM"
"Sinc2",256,8,0.1244921875,"256-QAM"
"Sinc2",256,9,0.12448974609375,"256-QAM"
"Sinc2",256,10,0.12447998046875,"256-QAM"
"Sinc2",256,11,0.12452392578125,"256-QAM"
"Sinc2",256,12,0.12451904296875,"256-QAM"
"Sinc2",256,13,0.124541015625,"256-QAM"
"Sinc2",256,14,0.12447998046875,"256-QAM"
"Sinc2",256,15,0.1244384765625,"256-QAM"
"Sinc2",256,16,0.12455810546875,"256-QAM"
"Sinc2",256,17,0.12447265625,"256-QAM"
"Sinc2",256,18,0.1245166015625,"256-QAM"
"Sinc2",256,19,0.1244873046875,"256-QAM"
"Sinc2",256,20,0.12451416015625,"256-QAM"
"Sinc2",256,21,0.124482421875,"256-QAM"
"Sinc2",256,22,0.1244140625,"256-QAM"
"Sinc2",256,23,0.12450927734375,"256-QAM"
"Sinc2",256,24,0.12451904296875,"256-QAM"
"Sinc2",256,25,0.124501953125,"256-QAM"
"Sinc2",256,26,0.12449951171875,"256-QAM"
"Sinc2",256,27,0.12449462890625,"256-QAM"
"Sinc2",256,28,0.12451171875,"256-QAM"
"Sinc2",256,29,0.12449462890625,"256-QAM"
"Sinc2",256,30,0.12443115234375,"256-QAM"
