"Filter","gamma_dB","CCDF"
"NGF",4,0.984666666666667
"NGF",4.25,0.965666666666667
"NGF",4.5,0.938666666666667
"NGF",4.75,0.899
"NGF",5,0.849
"NGF",5.25,0.778333333333333
"NGF",5.5,0.697666666666667
"NGF",5.75,0.601666666666667
"NGF",6,0.510333333333333
"NGF",6.25,0.42
"NGF",6.5,0.338666666666667
"NGF",6.75,0.271666666666667
"NGF",7,0.21
"NGF",7.25,0.150333333333333
"NGF",7.5,0.106333333333333
"NGF",7.75,0.0676666666666667
"NGF",8,0.0406666666666667
"NGF",8.25,0.0216666666666667
"NGF",8.5,0.0123333333333333
"NGF",8.75,0.006
"NGF",9,0.00233333333333333
"NGF",9.25,0.000333333333333333
"NGF",9.5,1e-05
"NGF",9.75,1e-05
"NGF",10,1e-05
"NGF",10.25,1e-05
"NGF",10.5,1e-05
"NGF",10.75,1e-05
"NGF",11,1e-05
"NGF",11.25,1e-05
"NGF",11.5,1e-05
"NGF",11.75,1e-05
"NGF",12,1e-05
"NGF",12.25,1e-05
"NGF",12.5,1e-05
"NGF",12.75,1e-05
"NGF",13,1e-05
"NGF",13.25,1e-05
"NGF",13.5,1e-05
"NGF",13.75,1e-05
"NGF",14,1e-05
"RRC",4,1
"RRC",4.25,1
"RRC",4.5,1
"RRC",4.75,1
"RRC",5,1
"RRC",5.25,1
"RRC",5.5,1
"RRC",5.75,1
"RRC",6,1
"RRC",6.25,1
"RRC",6.5,1
"RRC",6.75,1
"RRC",7,1
"RRC",7.25,0.999666666666667
"RRC",7.5,0.998666666666667
"RRC",7.75,0.992333333333333
"RRC",8,0.965666666666667
"RRC",8.25,0.921666666666667
"RRC",8.5,0.842333333333333
"RRC",8.75,0.738
"RRC",9,0.613
"RRC",9.25,0.477333333333333
"RRC",9.5,0.344666666666667
"RRC",9.75,0.240666666666667
"RRC",10,0.156
"RRC",10.25,0.0973333333333333
"RRC",10.5,0.056
"RRC",10.75,0.0323333333333333
"RRC",11,0.016
"RRC",11.25,0.00933333333333333
"RRC",11.5,0.00433333333333333
"RRC",11.75,0.002
"RRC",12,0.000666666666666667
"RRC",12.25,0.000666666666666667
"RRC",12.5,0.000333333333333333
"RRC",12.75,1e-05
"RRC",13,1e-05
"RRC",13.25,1e-05
"RRC",13.5,1e-05
"RRC",13.75,1e-05
"RRC",14,1e-05
"TASM",4,0.977333333333333
"TASM",4.25,0.954666666666667
"TASM",4.5,0.921
"TASM",4.75,0.878666666666667
"TASM",5,0.825333333333333
"TASM",5.25,0.752666666666667
"TASM",5.5,0.662
"TASM",5.75,0.571333333333333
"TASM",6,0.482333333333333
"TASM",6.25,0.392666666666667
"TASM",6.5,0.314666666666667
"TASM",6.75,0.250333333333333
"TASM",7,0.191
"TASM",7.25,0.134666666666667
"TASM",7.5,0.093
"TASM",7.75,0.0583333333333333
"TASM",8,0.033
"TASM",8.25,0.017
"TASM",8.5,0.01
"TASM",8.75,0.00466666666666667
"TASM",9,0.00166666666666667
"TASM",9.25,1e-05
"TASM",9.5,1e-05
"TASM",9.75,1e-05
"TASM",10,1e-05
"TASM",10.25,1e-05
"TASM",10.5,1e-05
"TASM",10.75,1e-05
"TASM",11,1e-05
"TASM",11.25,1e-05
"TASM",11.5,1e-05
"TASM",11.75,1e-05
"TASM",12,1e-05
"TASM",12.25,1e-05
"TASM",12.5,1e-05
"TASM",12.75,1e-05
"TASM",13,1e-05
"TASM",13.25,1e-05
"TASM",13.5,1e-05
"TASM",13.75,1e-05
"TASM",14,1e-05
"Sinc2",4,0.985
"Sinc2",4.25,0.969333333333333
"Sinc2",4.5,0.944666666666667
"Sinc2",4.75,0.906
"Sinc2",5,0.857
"Sinc2",5.25,0.787
"Sinc2",5.5,0.7
"Sinc2",5.75,0.615666666666667
"Sinc2",6,0.521333333333333
"Sinc2",6.25,0.425666666666667
"Sinc2",6.5,0.341
"Sinc2",6.75,0.275666666666667
"Sinc2",7,0.212
"Sinc2",7.25,0.150666666666667
"Sinc2",7.5,0.109
"Sinc2",7.75,0.0706666666666667
"Sinc2",8,0.0416666666666667
"Sinc2",8.25,0.0246666666666667
"Sinc2",8.5,0.013
"Sinc2",8.75,0.006
"Sinc2",9,0.00266666666666667
"Sinc2",9.25,0.001
"Sinc2",9.5,1e-05
"Sinc2",9.75,1e-05
"Sinc2",10,1e-05
"Sinc2",10.25,1e-05
"Sinc2",10.5,1e-05
"Sinc2",10.75,1e-05
"Sinc2",11,1e-05
"Sinc2",11.25,1e-05
"Sinc2",11.5,1e-05
"Sinc2",11.75,1e-05
"Sinc2",12,1e-05
"Sinc2",12.25,1e-05
"Sinc2",12.5,1e-05
"Sinc2",12.75,1e-05
"Sinc2",13,1e-05
"Sinc2",13.25,1e-05
"Sinc2",13.5,1e-05
"Sinc2",13.75,1e-05
"Sinc2",14,1e-05
"Unfiltered OFDM",4,1
"Unfiltered OFDM",4.25,1
"Unfiltered OFDM",4.5,1
"Unfiltered OFDM",4.75,1
"Unfiltered OFDM",5,1
"Unfiltered OFDM",5.25,1
"Unfiltered OFDM",5.5,1
"Unfiltered OFDM",5.75,1
"Unfiltered OFDM",6,1
"Unfiltered OFDM",6.25,1
"Unfiltered OFDM",6.5,1
"Unfiltered OFDM",6.75,1
"Unfiltered OFDM",7,1
"Unfiltered OFDM",7.25,1
"Unfiltered OFDM",7.5,0.998333333333333
"Unfiltered OFDM",7.75,0.992333333333333
"Unfiltered OFDM",8,0.969333333333333
"Unfiltered OFDM",8.25,0.920666666666667
"Unfiltered OFDM",8.5,0.848
"Unfiltered OFDM",8.75,0.743333333333333
"Unfiltered OFDM",9,0.612666666666667
"Unfiltered OFDM",9.25,0.475666666666667
"Unfiltered OFDM",9.5,0.352333333333333
"Unfiltered OFDM",9.75,0.251
"Unfiltered OFDM",10,0.17
"Unfiltered OFDM",10.25,0.097
"Unfiltered OFDM",10.5,0.0543333333333333
"Unfiltered OFDM",10.75,0.0283333333333333
"Unfiltered OFDM",11,0.0173333333333333
"Unfiltered OFDM",11.25,0.00933333333333333
"Unfiltered OFDM",11.5,0.00433333333333333
"Unfiltered OFDM",11.75,0.001
"Unfiltered OFDM",12,0.000666666666666667
"Unfiltered OFDM",12.25,0.000333333333333333
"Unfiltered OFDM",12.5,0.000333333333333333
"Unfiltered OFDM",12.75,0.000333333333333333
"Unfiltered OFDM",13,1e-05
"Unfiltered OFDM",13.25,1e-05
"Unfiltered OFDM",13.5,1e-05
"Unfiltered OFDM",13.75,1e-05
"Unfiltered OFDM",14,1e-05
